{"cameraMode":{"drawMode":0,"name":"Shaded","section":"Shading Mode"},"sceneLighting":true,"audioPlay":false,"sceneViewState":{"showFog":true,"showMaterialUpdate":false,"showSkybox":true,"showFlares":true,"showImageEffects":true,"showParticleSystems":true},"in2DMode":false,"pivot":{"x":-25.345539093017579,"y":4.870109558105469,"z":8.750964164733887},"rotation":{"x":0.06767582148313523,"y":0.6647681593894959,"z":-0.060502246022224429,"w":0.741593062877655},"size":3.2791073322296144,"orthographic":false}