{"cameraMode":{"drawMode":0,"name":"Shaded","section":"Shading Mode"},"sceneLighting":true,"audioPlay":false,"sceneViewState":{"showFog":true,"showMaterialUpdate":false,"showSkybox":true,"showFlares":true,"showImageEffects":true,"showParticleSystems":true},"in2DMode":false,"pivot":{"x":105.31584167480469,"y":3.489532470703125,"z":5.836421966552734},"rotation":{"x":0.04161069542169571,"y":0.7345907688140869,"z":-0.04523450508713722,"w":0.6757392883300781},"size":122.77976989746094,"orthographic":false}