{"cameraMode":{"drawMode":0,"name":"Shaded","section":"Shading Mode"},"sceneLighting":false,"audioPlay":false,"sceneViewState":{"showFog":true,"showMaterialUpdate":false,"showSkybox":false,"showFlares":true,"showImageEffects":true,"showParticleSystems":true},"in2DMode":false,"pivot":{"x":0.1861368864774704,"y":0.16096311807632447,"z":-0.5252863168716431},"rotation":{"x":-0.0021544175688177349,"y":0.9933717250823975,"z":0.019987529143691064,"w":0.11372297257184982},"size":1.1068617105484009,"orthographic":false}