{"cameraMode":{"drawMode":0,"name":"Shaded","section":"Shading Mode"},"sceneLighting":true,"audioPlay":false,"sceneViewState":{"showFog":true,"showMaterialUpdate":false,"showSkybox":true,"showFlares":true,"showImageEffects":true,"showParticleSystems":true},"in2DMode":false,"pivot":{"x":-32.603599548339847,"y":7.92244291305542,"z":45.30160140991211},"rotation":{"x":-0.0019911329727619888,"y":0.9965656399726868,"z":0.026026416569948198,"w":0.07993019372224808},"size":4.779107570648193,"orthographic":false}