{"cameraMode":{"drawMode":0,"name":"Shaded","section":"Shading Mode"},"sceneLighting":false,"audioPlay":false,"sceneViewState":{"showFog":true,"showMaterialUpdate":false,"showSkybox":false,"showFlares":true,"showImageEffects":true,"showParticleSystems":true},"in2DMode":false,"pivot":{"x":-0.2568853199481964,"y":-0.06737600266933441,"z":-0.10790827125310898},"rotation":{"x":-0.10864413529634476,"y":-0.2791181206703186,"z":0.031657520681619647,"w":-0.9536331295967102},"size":1.1068617105484009,"orthographic":false}