{"cameraMode":{"drawMode":0,"name":"Shaded","section":"Shading Mode"},"sceneLighting":true,"audioPlay":false,"sceneViewState":{"showFog":true,"showMaterialUpdate":false,"showSkybox":true,"showFlares":true,"showImageEffects":true,"showParticleSystems":true},"in2DMode":false,"pivot":{"x":-25.8098201751709,"y":6.592964172363281,"z":11.024101257324219},"rotation":{"x":-0.1716770976781845,"y":-0.701420247554779,"z":0.1800471395254135,"w":-0.6680395603179932},"size":0.8501827120780945,"orthographic":false}