{"cameraMode":{"drawMode":0,"name":"Shaded","section":"Shading Mode"},"sceneLighting":true,"audioPlay":false,"sceneViewState":{"showFog":true,"showMaterialUpdate":false,"showSkybox":true,"showFlares":true,"showImageEffects":true,"showParticleSystems":true},"in2DMode":false,"pivot":{"x":-17.790433883666993,"y":4.344561576843262,"z":8.473577499389649},"rotation":{"x":-0.11729667335748673,"y":-0.7245407700538635,"z":0.1265670508146286,"w":-0.6675414443016052},"size":11.57289981842041,"orthographic":false}